"filename", "language", "PHP", "JavaScript", "Markdown", "JSON", "Vue", "CSS", "XML", "JSON with Comments", "Database", "comment", "blank", "total"
"d:\servidores\xampp\htdocs\SEA\.vs\SEA\config\applicationhost.config", "XML", 0, 0, 0, 0, 0, 0, 903, 0, 0, 61, 53, 1017
"d:\servidores\xampp\htdocs\SEA\.vs\SEA\v17\DocumentLayout.json", "JSON", 0, 0, 0, 41, 0, 0, 0, 0, 0, 0, 0, 41
"d:\servidores\xampp\htdocs\SEA\.vs\VSWorkspaceState.json", "JSON", 0, 0, 0, 10, 0, 0, 0, 0, 0, 0, 0, 10
"d:\servidores\xampp\htdocs\SEA\.vs\phptasks.json", "JSON", 0, 0, 0, 3, 0, 0, 0, 0, 0, 0, 0, 3
"d:\servidores\xampp\htdocs\SEA\.vs\slnx.sqlite", "Database", 0, 0, 0, 0, 0, 0, 0, 0, 721, 0, 6, 727
"d:\servidores\xampp\htdocs\SEA\README.md", "Markdown", 0, 0, 45, 0, 0, 0, 0, 0, 0, 0, 22, 67
"d:\servidores\xampp\htdocs\SEA\app\Actions\Fortify\CreateNewUser.php", "PHP", 25, 0, 0, 0, 0, 0, 0, 0, 0, 5, 6, 36
"d:\servidores\xampp\htdocs\SEA\app\Actions\Fortify\PasswordValidationRules.php", "PHP", 10, 0, 0, 0, 0, 0, 0, 0, 0, 5, 4, 19
"d:\servidores\xampp\htdocs\SEA\app\Actions\Fortify\ResetUserPassword.php", "PHP", 19, 0, 0, 0, 0, 0, 0, 0, 0, 5, 6, 30
"d:\servidores\xampp\htdocs\SEA\app\Actions\Fortify\UpdateUserPassword.php", "PHP", 22, 0, 0, 0, 0, 0, 0, 0, 0, 5, 6, 33
"d:\servidores\xampp\htdocs\SEA\app\Actions\Fortify\UpdateUserProfileInformation.php", "PHP", 39, 0, 0, 0, 0, 0, 0, 0, 0, 10, 8, 57
"d:\servidores\xampp\htdocs\SEA\app\Actions\Jetstream\DeleteUser.php", "PHP", 13, 0, 0, 0, 0, 0, 0, 0, 0, 3, 4, 20
"d:\servidores\xampp\htdocs\SEA\app\Http\Controllers\CondominioController.php", "PHP", 29, 0, 0, 0, 0, 0, 0, 0, 0, 28, 10, 67
"d:\servidores\xampp\htdocs\SEA\app\Http\Controllers\Controller.php", "PHP", 5, 0, 0, 0, 0, 0, 0, 0, 0, 1, 3, 9
"d:\servidores\xampp\htdocs\SEA\app\Http\Controllers\DetalleNoAutorizadoController.php", "PHP", 29, 0, 0, 0, 0, 0, 0, 0, 0, 28, 10, 67
"d:\servidores\xampp\htdocs\SEA\app\Http\Controllers\GaleriaIngresoController.php", "PHP", 29, 0, 0, 0, 0, 0, 0, 0, 0, 28, 10, 67
"d:\servidores\xampp\htdocs\SEA\app\Http\Controllers\GaleriaViviendaController.php", "PHP", 29, 0, 0, 0, 0, 0, 0, 0, 0, 28, 10, 67
"d:\servidores\xampp\htdocs\SEA\app\Http\Controllers\HabitanteController.php", "PHP", 183, 0, 0, 0, 0, 0, 0, 0, 0, 54, 9, 246
"d:\servidores\xampp\htdocs\SEA\app\Http\Controllers\IngresoController.php", "PHP", 68, 0, 0, 0, 0, 0, 0, 0, 0, 61, 9, 138
"d:\servidores\xampp\htdocs\SEA\app\Http\Controllers\PerfilController.php", "PHP", 34, 0, 0, 0, 0, 0, 0, 0, 0, 30, 11, 75
"d:\servidores\xampp\htdocs\SEA\app\Http\Controllers\TipoDocumentoController.php", "PHP", 117, 0, 0, 0, 0, 0, 0, 0, 0, 23, 10, 150
"d:\servidores\xampp\htdocs\SEA\app\Http\Controllers\TipoVisitaController.php", "PHP", 29, 0, 0, 0, 0, 0, 0, 0, 0, 28, 10, 67
"d:\servidores\xampp\htdocs\SEA\app\Http\Controllers\TipoViviendaController.php", "PHP", 29, 0, 0, 0, 0, 0, 0, 0, 0, 28, 10, 67
"d:\servidores\xampp\htdocs\SEA\app\Http\Controllers\UserController.php", "PHP", 128, 0, 0, 0, 0, 0, 0, 0, 0, 35, 12, 175
"d:\servidores\xampp\htdocs\SEA\app\Http\Controllers\VehiculoController.php", "PHP", 29, 0, 0, 0, 0, 0, 0, 0, 0, 28, 10, 67
"d:\servidores\xampp\htdocs\SEA\app\Http\Controllers\VisitanteController.php", "PHP", 145, 0, 0, 0, 0, 0, 0, 0, 0, 43, 9, 197
"d:\servidores\xampp\htdocs\SEA\app\Http\Controllers\ViviendaController.php", "PHP", 53, 0, 0, 0, 0, 0, 0, 0, 0, 28, 9, 90
"d:\servidores\xampp\htdocs\SEA\app\Http\Middleware\HandleInertiaRequests.php", "PHP", 17, 0, 0, 0, 0, 0, 0, 0, 0, 20, 6, 43
"d:\servidores\xampp\htdocs\SEA\app\Http\Requests\StoreCondominioRequest.php", "PHP", 15, 0, 0, 0, 0, 0, 0, 0, 0, 9, 5, 29
"d:\servidores\xampp\htdocs\SEA\app\Http\Requests\StoreDetalleNoAutorizadoRequest.php", "PHP", 15, 0, 0, 0, 0, 0, 0, 0, 0, 9, 5, 29
"d:\servidores\xampp\htdocs\SEA\app\Http\Requests\StoreGaleriaIngresoRequest.php", "PHP", 15, 0, 0, 0, 0, 0, 0, 0, 0, 9, 5, 29
"d:\servidores\xampp\htdocs\SEA\app\Http\Requests\StoreGaleriaViviendaRequest.php", "PHP", 15, 0, 0, 0, 0, 0, 0, 0, 0, 9, 5, 29
"d:\servidores\xampp\htdocs\SEA\app\Http\Requests\StoreHabitanteRequest.php", "PHP", 17, 0, 0, 0, 0, 0, 0, 0, 0, 33, 4, 54
"d:\servidores\xampp\htdocs\SEA\app\Http\Requests\StoreIngresoRequest.php", "PHP", 15, 0, 0, 0, 0, 0, 0, 0, 0, 9, 4, 28
"d:\servidores\xampp\htdocs\SEA\app\Http\Requests\StoreLoginRequest.php", "PHP", 35, 0, 0, 0, 0, 0, 0, 0, 0, 8, 6, 49
"d:\servidores\xampp\htdocs\SEA\app\Http\Requests\StorePerfilRequest.php", "PHP", 42, 0, 0, 0, 0, 0, 0, 0, 0, 8, 4, 54
"d:\servidores\xampp\htdocs\SEA\app\Http\Requests\StoreTipoDocumentoRequest.php", "PHP", 33, 0, 0, 0, 0, 0, 0, 0, 0, 8, 5, 46
"d:\servidores\xampp\htdocs\SEA\app\Http\Requests\StoreTipoVisitaRequest.php", "PHP", 15, 0, 0, 0, 0, 0, 0, 0, 0, 9, 5, 29
"d:\servidores\xampp\htdocs\SEA\app\Http\Requests\StoreTipoViviendaRequest.php", "PHP", 15, 0, 0, 0, 0, 0, 0, 0, 0, 9, 5, 29
"d:\servidores\xampp\htdocs\SEA\app\Http\Requests\StoreUserRequest.php", "PHP", 45, 0, 0, 0, 0, 0, 0, 0, 0, 8, 4, 57
"d:\servidores\xampp\htdocs\SEA\app\Http\Requests\StoreVehiculoRequest.php", "PHP", 15, 0, 0, 0, 0, 0, 0, 0, 0, 9, 5, 29
"d:\servidores\xampp\htdocs\SEA\app\Http\Requests\StoreVisitanteRequest.php", "PHP", 15, 0, 0, 0, 0, 0, 0, 0, 0, 9, 4, 28
"d:\servidores\xampp\htdocs\SEA\app\Http\Requests\StoreViviendaRequest.php", "PHP", 15, 0, 0, 0, 0, 0, 0, 0, 0, 9, 5, 29
"d:\servidores\xampp\htdocs\SEA\app\Http\Requests\UpdateCondominioRequest.php", "PHP", 15, 0, 0, 0, 0, 0, 0, 0, 0, 9, 5, 29
"d:\servidores\xampp\htdocs\SEA\app\Http\Requests\UpdateDetalleNoAutorizadoRequest.php", "PHP", 15, 0, 0, 0, 0, 0, 0, 0, 0, 9, 5, 29
"d:\servidores\xampp\htdocs\SEA\app\Http\Requests\UpdateGaleriaIngresoRequest.php", "PHP", 15, 0, 0, 0, 0, 0, 0, 0, 0, 9, 5, 29
"d:\servidores\xampp\htdocs\SEA\app\Http\Requests\UpdateGaleriaViviendaRequest.php", "PHP", 15, 0, 0, 0, 0, 0, 0, 0, 0, 9, 5, 29
"d:\servidores\xampp\htdocs\SEA\app\Http\Requests\UpdateHabitanteRequest.php", "PHP", 15, 0, 0, 0, 0, 0, 0, 0, 0, 9, 4, 28
"d:\servidores\xampp\htdocs\SEA\app\Http\Requests\UpdateIngresoRequest.php", "PHP", 15, 0, 0, 0, 0, 0, 0, 0, 0, 9, 4, 28
"d:\servidores\xampp\htdocs\SEA\app\Http\Requests\UpdatePerfilRequest.php", "PHP", 15, 0, 0, 0, 0, 0, 0, 0, 0, 9, 5, 29
"d:\servidores\xampp\htdocs\SEA\app\Http\Requests\UpdateTipoDocumentoRequest.php", "PHP", 15, 0, 0, 0, 0, 0, 0, 0, 0, 9, 4, 28
"d:\servidores\xampp\htdocs\SEA\app\Http\Requests\UpdateTipoVisitaRequest.php", "PHP", 15, 0, 0, 0, 0, 0, 0, 0, 0, 9, 5, 29
"d:\servidores\xampp\htdocs\SEA\app\Http\Requests\UpdateTipoViviendaRequest.php", "PHP", 15, 0, 0, 0, 0, 0, 0, 0, 0, 9, 5, 29
"d:\servidores\xampp\htdocs\SEA\app\Http\Requests\UpdateVehiculoRequest.php", "PHP", 15, 0, 0, 0, 0, 0, 0, 0, 0, 9, 5, 29
"d:\servidores\xampp\htdocs\SEA\app\Http\Requests\UpdateVisitanteRequest.php", "PHP", 15, 0, 0, 0, 0, 0, 0, 0, 0, 9, 4, 28
"d:\servidores\xampp\htdocs\SEA\app\Http\Requests\UpdateViviendaRequest.php", "PHP", 15, 0, 0, 0, 0, 0, 0, 0, 0, 9, 5, 29
"d:\servidores\xampp\htdocs\SEA\app\Models\Condominio.php", "PHP", 22, 0, 0, 0, 0, 0, 0, 0, 0, 0, 2, 24
"d:\servidores\xampp\htdocs\SEA\app\Models\DetalleNoAutorizado.php", "PHP", 18, 0, 0, 0, 0, 0, 0, 0, 0, 0, 3, 21
"d:\servidores\xampp\htdocs\SEA\app\Models\GaleriaIngreso.php", "PHP", 21, 0, 0, 0, 0, 0, 0, 0, 0, 0, 2, 23
"d:\servidores\xampp\htdocs\SEA\app\Models\GaleriaVivienda.php", "PHP", 19, 0, 0, 0, 0, 0, 0, 0, 0, 0, 3, 22
"d:\servidores\xampp\htdocs\SEA\app\Models\Habitante.php", "PHP", 30, 0, 0, 0, 0, 0, 0, 0, 0, 0, 2, 32
"d:\servidores\xampp\htdocs\SEA\app\Models\Ingreso.php", "PHP", 49, 0, 0, 0, 0, 0, 0, 0, 0, 0, 3, 52
"d:\servidores\xampp\htdocs\SEA\app\Models\Perfil.php", "PHP", 27, 0, 0, 0, 0, 0, 0, 0, 0, 0, 5, 32
"d:\servidores\xampp\htdocs\SEA\app\Models\TipoDocumento.php", "PHP", 16, 0, 0, 0, 0, 0, 0, 0, 0, 0, 2, 18
"d:\servidores\xampp\htdocs\SEA\app\Models\TipoVisita.php", "PHP", 14, 0, 0, 0, 0, 0, 0, 0, 0, 0, 3, 17
"d:\servidores\xampp\htdocs\SEA\app\Models\TipoVivienda.php", "PHP", 14, 0, 0, 0, 0, 0, 0, 0, 0, 0, 3, 17
"d:\servidores\xampp\htdocs\SEA\app\Models\User.php", "PHP", 40, 0, 0, 0, 0, 0, 0, 0, 0, 21, 8, 69
"d:\servidores\xampp\htdocs\SEA\app\Models\Vehiculo.php", "PHP", 15, 0, 0, 0, 0, 0, 0, 0, 0, 0, 3, 18
"d:\servidores\xampp\htdocs\SEA\app\Models\Visitante.php", "PHP", 19, 0, 0, 0, 0, 0, 0, 0, 0, 0, 2, 21
"d:\servidores\xampp\htdocs\SEA\app\Models\Vivienda.php", "PHP", 25, 0, 0, 0, 0, 0, 0, 0, 0, 0, 3, 28
"d:\servidores\xampp\htdocs\SEA\app\Providers\AppServiceProvider.php", "PHP", 16, 0, 0, 0, 0, 0, 0, 0, 0, 7, 5, 28
"d:\servidores\xampp\htdocs\SEA\app\Providers\FortifyServiceProvider.php", "PHP", 32, 0, 0, 0, 0, 0, 0, 0, 0, 7, 8, 47
"d:\servidores\xampp\htdocs\SEA\app\Providers\JetstreamServiceProvider.php", "PHP", 26, 0, 0, 0, 0, 0, 0, 0, 0, 10, 8, 44
"d:\servidores\xampp\htdocs\SEA\bootstrap\app.php", "PHP", 19, 0, 0, 0, 0, 0, 0, 0, 0, 2, 4, 25
"d:\servidores\xampp\htdocs\SEA\bootstrap\providers.php", "PHP", 8, 0, 0, 0, 0, 0, 0, 0, 0, 0, 1, 9
"d:\servidores\xampp\htdocs\SEA\composer.json", "JSON", 0, 0, 0, 71, 0, 0, 0, 0, 0, 0, 1, 72
"d:\servidores\xampp\htdocs\SEA\composer.lock", "JSON", 0, 0, 0, 8607, 0, 0, 0, 0, 0, 0, 1, 8608
"d:\servidores\xampp\htdocs\SEA\config\app.php", "PHP", 22, 0, 0, 0, 0, 0, 0, 0, 0, 82, 23, 127
"d:\servidores\xampp\htdocs\SEA\config\auth.php", "PHP", 28, 0, 0, 0, 0, 0, 0, 0, 0, 74, 14, 116
"d:\servidores\xampp\htdocs\SEA\config\cache.php", "PHP", 56, 0, 0, 0, 0, 0, 0, 0, 0, 34, 18, 108
"d:\servidores\xampp\htdocs\SEA\config\database.php", "PHP", 105, 0, 0, 0, 0, 0, 0, 0, 0, 43, 23, 171
"d:\servidores\xampp\htdocs\SEA\config\filesystems.php", "PHP", 32, 0, 0, 0, 0, 0, 0, 0, 0, 32, 13, 77
"d:\servidores\xampp\htdocs\SEA\config\fortify.php", "PHP", 28, 0, 0, 0, 0, 0, 0, 0, 0, 106, 25, 159
"d:\servidores\xampp\htdocs\SEA\config\jetstream.php", "PHP", 14, 0, 0, 0, 0, 0, 0, 0, 0, 53, 15, 82
"d:\servidores\xampp\htdocs\SEA\config\logging.php", "PHP", 79, 0, 0, 0, 0, 0, 0, 0, 0, 33, 21, 133
"d:\servidores\xampp\htdocs\SEA\config\mail.php", "PHP", 55, 0, 0, 0, 0, 0, 0, 0, 0, 43, 19, 117
"d:\servidores\xampp\htdocs\SEA\config\permission.php", "PHP", 32, 0, 0, 0, 0, 0, 0, 0, 0, 109, 46, 187
"d:\servidores\xampp\htdocs\SEA\config\queue.php", "PHP", 52, 0, 0, 0, 0, 0, 0, 0, 0, 44, 17, 113
"d:\servidores\xampp\htdocs\SEA\config\sanctum.php", "PHP", 17, 0, 0, 0, 0, 0, 0, 0, 0, 53, 14, 84
"d:\servidores\xampp\htdocs\SEA\config\services.php", "PHP", 20, 0, 0, 0, 0, 0, 0, 0, 0, 11, 8, 39
"d:\servidores\xampp\htdocs\SEA\config\session.php", "PHP", 23, 0, 0, 0, 0, 0, 0, 0, 0, 160, 35, 218
"d:\servidores\xampp\htdocs\SEA\database\factories\CondominioFactory.php", "PHP", 11, 0, 0, 0, 0, 0, 0, 0, 0, 9, 4, 24
"d:\servidores\xampp\htdocs\SEA\database\factories\DetalleNoAutorizadoFactory.php", "PHP", 11, 0, 0, 0, 0, 0, 0, 0, 0, 9, 4, 24
"d:\servidores\xampp\htdocs\SEA\database\factories\GaleriaIngresoFactory.php", "PHP", 11, 0, 0, 0, 0, 0, 0, 0, 0, 9, 4, 24
"d:\servidores\xampp\htdocs\SEA\database\factories\GaleriaViviendaFactory.php", "PHP", 11, 0, 0, 0, 0, 0, 0, 0, 0, 9, 4, 24
"d:\servidores\xampp\htdocs\SEA\database\factories\HabitanteFactory.php", "PHP", 11, 0, 0, 0, 0, 0, 0, 0, 0, 9, 4, 24
"d:\servidores\xampp\htdocs\SEA\database\factories\IngresoFactory.php", "PHP", 11, 0, 0, 0, 0, 0, 0, 0, 0, 9, 4, 24
"d:\servidores\xampp\htdocs\SEA\database\factories\PerfilFactory.php", "PHP", 11, 0, 0, 0, 0, 0, 0, 0, 0, 9, 4, 24
"d:\servidores\xampp\htdocs\SEA\database\factories\TipoDocumentoFactory.php", "PHP", 11, 0, 0, 0, 0, 0, 0, 0, 0, 9, 4, 24
"d:\servidores\xampp\htdocs\SEA\database\factories\TipoVisitaFactory.php", "PHP", 11, 0, 0, 0, 0, 0, 0, 0, 0, 9, 4, 24
"d:\servidores\xampp\htdocs\SEA\database\factories\TipoViviendaFactory.php", "PHP", 11, 0, 0, 0, 0, 0, 0, 0, 0, 9, 4, 24
"d:\servidores\xampp\htdocs\SEA\database\factories\UserFactory copy.php", "PHP", 48, 0, 0, 0, 0, 0, 0, 0, 0, 17, 8, 73
"d:\servidores\xampp\htdocs\SEA\database\factories\UserFactory.php", "PHP", 48, 0, 0, 0, 0, 0, 0, 0, 0, 17, 8, 73
"d:\servidores\xampp\htdocs\SEA\database\factories\VehiculoFactory.php", "PHP", 11, 0, 0, 0, 0, 0, 0, 0, 0, 9, 4, 24
"d:\servidores\xampp\htdocs\SEA\database\factories\VisitanteFactory.php", "PHP", 11, 0, 0, 0, 0, 0, 0, 0, 0, 9, 4, 24
"d:\servidores\xampp\htdocs\SEA\database\factories\ViviendaFactory.php", "PHP", 11, 0, 0, 0, 0, 0, 0, 0, 0, 9, 4, 24
"d:\servidores\xampp\htdocs\SEA\database\migrations\0001_01_01_000000_create_users_table.php", "PHP", 41, 0, 0, 0, 0, 0, 0, 0, 0, 6, 5, 52
"d:\servidores\xampp\htdocs\SEA\database\migrations\0001_01_01_000001_create_cache_table.php", "PHP", 25, 0, 0, 0, 0, 0, 0, 0, 0, 6, 5, 36
"d:\servidores\xampp\htdocs\SEA\database\migrations\0001_01_01_000002_create_jobs_table.php", "PHP", 46, 0, 0, 0, 0, 0, 0, 0, 0, 6, 6, 58
"d:\servidores\xampp\htdocs\SEA\database\migrations\2024_05_18_021946_create_tipo_documentos_table.php", "PHP", 20, 0, 0, 0, 0, 0, 0, 0, 0, 6, 3, 29
"d:\servidores\xampp\htdocs\SEA\database\migrations\2024_05_18_022730_create_perfil_table.php", "PHP", 25, 0, 0, 0, 0, 0, 0, 0, 0, 6, 3, 34
"d:\servidores\xampp\htdocs\SEA\database\migrations\2024_05_18_023146_create_visitantes_table.php", "PHP", 21, 0, 0, 0, 0, 0, 0, 0, 0, 6, 3, 30
"d:\servidores\xampp\htdocs\SEA\database\migrations\2024_05_30_204617_create_condominios_table.php", "PHP", 24, 0, 0, 0, 0, 0, 0, 0, 0, 6, 3, 33
"d:\servidores\xampp\htdocs\SEA\database\migrations\2024_05_30_204650_create_galeria_condominios_table.php", "PHP", 22, 0, 0, 0, 0, 0, 0, 0, 0, 6, 3, 31
"d:\servidores\xampp\htdocs\SEA\database\migrations\2024_05_30_204912_create_tipo_viviendas_table.php", "PHP", 20, 0, 0, 0, 0, 0, 0, 0, 0, 6, 3, 29
"d:\servidores\xampp\htdocs\SEA\database\migrations\2024_06_01_181807_create_permission_tables.php", "PHP", 109, 0, 0, 0, 0, 0, 0, 0, 0, 6, 24, 139
"d:\servidores\xampp\htdocs\SEA\database\migrations\2024_06_01_220346_add_two_factor_columns_to_users_table.php", "PHP", 35, 0, 0, 0, 0, 0, 0, 0, 0, 6, 6, 47
"d:\servidores\xampp\htdocs\SEA\database\migrations\2024_06_01_220422_create_personal_access_tokens_table.php", "PHP", 24, 0, 0, 0, 0, 0, 0, 0, 0, 6, 3, 33
"d:\servidores\xampp\htdocs\SEA\database\migrations\2024_06_02_091518_create_viviendas_table.php", "PHP", 28, 0, 0, 0, 0, 0, 0, 0, 0, 6, 3, 37
"d:\servidores\xampp\htdocs\SEA\database\migrations\2024_06_02_091607_create_habitantes_table.php", "PHP", 27, 0, 0, 0, 0, 0, 0, 0, 0, 6, 3, 36
"d:\servidores\xampp\htdocs\SEA\database\migrations\2024_06_02_091907_create_galeria_viviendas_table.php", "PHP", 22, 0, 0, 0, 0, 0, 0, 0, 0, 6, 4, 32
"d:\servidores\xampp\htdocs\SEA\database\migrations\2024_06_02_092104_create_tipo_visitas_table.php", "PHP", 20, 0, 0, 0, 0, 0, 0, 0, 0, 6, 4, 30
"d:\servidores\xampp\htdocs\SEA\database\migrations\2024_06_02_092156_create_vehiculos_table.php", "PHP", 22, 0, 0, 0, 0, 0, 0, 0, 0, 6, 3, 31
"d:\servidores\xampp\htdocs\SEA\database\migrations\2024_06_02_092238_create_ingresos_table.php", "PHP", 35, 0, 0, 0, 0, 0, 0, 0, 0, 6, 3, 44
"d:\servidores\xampp\htdocs\SEA\database\migrations\2024_06_02_092441_create_detalle_no_autorizados_table.php", "PHP", 21, 0, 0, 0, 0, 0, 0, 0, 0, 6, 4, 31
"d:\servidores\xampp\htdocs\SEA\database\migrations\2024_06_02_092511_create_galeria_ingresos_table.php", "PHP", 23, 0, 0, 0, 0, 0, 0, 0, 0, 6, 3, 32
"d:\servidores\xampp\htdocs\SEA\database\seeders\CondominioSeeder.php", "PHP", 10, 0, 0, 0, 0, 0, 0, 0, 0, 4, 4, 18
"d:\servidores\xampp\htdocs\SEA\database\seeders\DatabaseSeeder copy.php", "PHP", 12, 0, 0, 0, 0, 0, 0, 0, 0, 10, 4, 26
"d:\servidores\xampp\htdocs\SEA\database\seeders\DatabaseSeeder.php", "PHP", 17, 0, 0, 0, 0, 0, 0, 0, 0, 5, 4, 26
"d:\servidores\xampp\htdocs\SEA\database\seeders\DetalleNoAutorizadoSeeder.php", "PHP", 10, 0, 0, 0, 0, 0, 0, 0, 0, 4, 4, 18
"d:\servidores\xampp\htdocs\SEA\database\seeders\GaleriaIngresoSeeder.php", "PHP", 10, 0, 0, 0, 0, 0, 0, 0, 0, 4, 4, 18
"d:\servidores\xampp\htdocs\SEA\database\seeders\GaleriaViviendaSeeder.php", "PHP", 10, 0, 0, 0, 0, 0, 0, 0, 0, 4, 4, 18
"d:\servidores\xampp\htdocs\SEA\database\seeders\HabitanteSeeder.php", "PHP", 10, 0, 0, 0, 0, 0, 0, 0, 0, 4, 4, 18
"d:\servidores\xampp\htdocs\SEA\database\seeders\IngresoSeeder.php", "PHP", 10, 0, 0, 0, 0, 0, 0, 0, 0, 4, 4, 18
"d:\servidores\xampp\htdocs\SEA\database\seeders\PerfilSeeder.php", "PHP", 10, 0, 0, 0, 0, 0, 0, 0, 0, 4, 4, 18
"d:\servidores\xampp\htdocs\SEA\database\seeders\TipoDocumentoSeeder.php", "PHP", 41, 0, 0, 0, 0, 0, 0, 0, 0, 3, 3, 47
"d:\servidores\xampp\htdocs\SEA\database\seeders\TipoVisitaSeeder.php", "PHP", 10, 0, 0, 0, 0, 0, 0, 0, 0, 4, 4, 18
"d:\servidores\xampp\htdocs\SEA\database\seeders\TipoViviendaSeeder.php", "PHP", 10, 0, 0, 0, 0, 0, 0, 0, 0, 4, 4, 18
"d:\servidores\xampp\htdocs\SEA\database\seeders\VehiculoSeeder.php", "PHP", 10, 0, 0, 0, 0, 0, 0, 0, 0, 4, 4, 18
"d:\servidores\xampp\htdocs\SEA\database\seeders\VisitanteSeeder.php", "PHP", 10, 0, 0, 0, 0, 0, 0, 0, 0, 4, 4, 18
"d:\servidores\xampp\htdocs\SEA\database\seeders\ViviendaSeeder.php", "PHP", 10, 0, 0, 0, 0, 0, 0, 0, 0, 4, 4, 18
"d:\servidores\xampp\htdocs\SEA\jsconfig.json", "JSON with Comments", 0, 0, 0, 0, 0, 0, 0, 9, 0, 0, 1, 10
"d:\servidores\xampp\htdocs\SEA\package-lock.json", "JSON", 0, 0, 0, 2968, 0, 0, 0, 0, 0, 0, 1, 2969
"d:\servidores\xampp\htdocs\SEA\package.json", "JSON", 0, 0, 0, 30, 0, 0, 0, 0, 0, 0, 1, 31
"d:\servidores\xampp\htdocs\SEA\phpunit.xml", "XML", 0, 0, 0, 0, 0, 0, 31, 0, 0, 2, 1, 34
"d:\servidores\xampp\htdocs\SEA\postcss.config.js", "JavaScript", 0, 6, 0, 0, 0, 0, 0, 0, 0, 0, 1, 7
"d:\servidores\xampp\htdocs\SEA\public\assets\css\dataTables.dataTables.css", "CSS", 0, 0, 0, 0, 0, 730, 0, 0, 0, 15, 13, 758
"d:\servidores\xampp\htdocs\SEA\public\assets\css\dataTables.tailwindcss.css", "CSS", 0, 0, 0, 0, 0, 153, 0, 0, 0, 0, 7, 160
"d:\servidores\xampp\htdocs\SEA\public\assets\css\flowbite.min.css", "CSS", 0, 0, 0, 0, 0, 1, 0, 0, 0, 0, 0, 1
"d:\servidores\xampp\htdocs\SEA\public\assets\css\fontawesome\css\all.css", "CSS", 0, 0, 0, 0, 0, 5471, 0, 0, 0, 7, 2553, 8031
"d:\servidores\xampp\htdocs\SEA\public\assets\css\fontawesome\css\all.min.css", "CSS", 0, 0, 0, 0, 0, 3, 0, 0, 0, 5, 1, 9
"d:\servidores\xampp\htdocs\SEA\public\assets\css\fontawesome\css\brands.css", "CSS", 0, 0, 0, 0, 0, 1062, 0, 0, 0, 5, 528, 1595
"d:\servidores\xampp\htdocs\SEA\public\assets\css\fontawesome\css\brands.min.css", "CSS", 0, 0, 0, 0, 0, 1, 0, 0, 0, 5, 0, 6
"d:\servidores\xampp\htdocs\SEA\public\assets\css\fontawesome\css\fontawesome.css", "CSS", 0, 0, 0, 0, 0, 4352, 0, 0, 0, 7, 2017, 6376
"d:\servidores\xampp\htdocs\SEA\public\assets\css\fontawesome\css\fontawesome.min.css", "CSS", 0, 0, 0, 0, 0, 3, 0, 0, 0, 5, 1, 9
"d:\servidores\xampp\htdocs\SEA\public\assets\css\fontawesome\css\regular.css", "CSS", 0, 0, 0, 0, 0, 12, 0, 0, 0, 5, 3, 20
"d:\servidores\xampp\htdocs\SEA\public\assets\css\fontawesome\css\regular.min.css", "CSS", 0, 0, 0, 0, 0, 1, 0, 0, 0, 5, 0, 6
"d:\servidores\xampp\htdocs\SEA\public\assets\css\fontawesome\css\solid.css", "CSS", 0, 0, 0, 0, 0, 12, 0, 0, 0, 5, 3, 20
"d:\servidores\xampp\htdocs\SEA\public\assets\css\fontawesome\css\solid.min.css", "CSS", 0, 0, 0, 0, 0, 1, 0, 0, 0, 5, 0, 6
"d:\servidores\xampp\htdocs\SEA\public\assets\css\fontawesome\css\svg-with-js.css", "CSS", 0, 0, 0, 0, 0, 558, 0, 0, 0, 5, 78, 641
"d:\servidores\xampp\htdocs\SEA\public\assets\css\fontawesome\css\svg-with-js.min.css", "CSS", 0, 0, 0, 0, 0, 1, 0, 0, 0, 5, 0, 6
"d:\servidores\xampp\htdocs\SEA\public\assets\css\fontawesome\css\v4-font-face.css", "CSS", 0, 0, 0, 0, 0, 18, 0, 0, 0, 5, 4, 27
"d:\servidores\xampp\htdocs\SEA\public\assets\css\fontawesome\css\v4-font-face.min.css", "CSS", 0, 0, 0, 0, 0, 1, 0, 0, 0, 5, 0, 6
"d:\servidores\xampp\htdocs\SEA\public\assets\css\fontawesome\css\v4-shims.css", "CSS", 0, 0, 0, 0, 0, 1566, 0, 0, 0, 5, 624, 2195
"d:\servidores\xampp\htdocs\SEA\public\assets\css\fontawesome\css\v4-shims.min.css", "CSS", 0, 0, 0, 0, 0, 1, 0, 0, 0, 5, 0, 6
"d:\servidores\xampp\htdocs\SEA\public\assets\css\fontawesome\css\v5-font-face.css", "CSS", 0, 0, 0, 0, 0, 15, 0, 0, 0, 5, 3, 23
"d:\servidores\xampp\htdocs\SEA\public\assets\css\fontawesome\css\v5-font-face.min.css", "CSS", 0, 0, 0, 0, 0, 1, 0, 0, 0, 5, 0, 6
"d:\servidores\xampp\htdocs\SEA\public\assets\js\dataTables.js", "JavaScript", 0, 7063, 0, 0, 0, 0, 0, 0, 0, 4007, 2085, 13155
"d:\servidores\xampp\htdocs\SEA\public\assets\js\dataTables.tailwindcss.js", "JavaScript", 0, 125, 0, 0, 0, 0, 0, 0, 0, 13, 24, 162
"d:\servidores\xampp\htdocs\SEA\public\assets\js\flowbite.min.js", "JavaScript", 0, 1, 0, 0, 0, 0, 0, 0, 0, 1, 0, 2
"d:\servidores\xampp\htdocs\SEA\public\assets\js\jquery-3.7.1.min.js", "JavaScript", 0, 1, 0, 0, 0, 0, 0, 0, 0, 1, 1, 3
"d:\servidores\xampp\htdocs\SEA\public\index.php", "PHP", 9, 0, 0, 0, 0, 0, 0, 0, 0, 3, 6, 18
"d:\servidores\xampp\htdocs\SEA\resources\css\app.css", "CSS", 0, 0, 0, 0, 0, 6, 0, 0, 0, 0, 2, 8
"d:\servidores\xampp\htdocs\SEA\resources\js\Components\ActionMessage.vue", "Vue", 0, 0, 0, 0, 14, 0, 0, 0, 0, 0, 2, 16
"d:\servidores\xampp\htdocs\SEA\resources\js\Components\ActionSection.vue", "Vue", 0, 0, 0, 0, 20, 0, 0, 0, 0, 0, 3, 23
"d:\servidores\xampp\htdocs\SEA\resources\js\Components\ApplicationLogo.vue", "Vue", 0, 0, 0, 0, 7, 0, 0, 0, 0, 0, 1, 8
"d:\servidores\xampp\htdocs\SEA\resources\js\Components\ApplicationMark.vue", "Vue", 0, 0, 0, 0, 6, 0, 0, 0, 0, 0, 1, 7
"d:\servidores\xampp\htdocs\SEA\resources\js\Components\AuthenticationCard.vue", "Vue", 0, 0, 0, 0, 10, 0, 0, 0, 0, 0, 2, 12
"d:\servidores\xampp\htdocs\SEA\resources\js\Components\AuthenticationCardLogo.vue", "Vue", 0, 0, 0, 0, 16, 0, 0, 0, 0, 0, 2, 18
"d:\servidores\xampp\htdocs\SEA\resources\js\Components\Banner.vue", "Vue", 0, 0, 0, 0, 49, 0, 0, 0, 0, 0, 7, 56
"d:\servidores\xampp\htdocs\SEA\resources\js\Components\Checkbox.vue", "Vue", 0, 0, 0, 0, 30, 0, 0, 0, 0, 0, 7, 37
"d:\servidores\xampp\htdocs\SEA\resources\js\Components\ConfirmationModal.vue", "Vue", 0, 0, 0, 0, 50, 0, 0, 0, 0, 0, 8, 58
"d:\servidores\xampp\htdocs\SEA\resources\js\Components\ConfirmsPassword.vue", "Vue", 0, 0, 0, 0, 99, 0, 0, 0, 0, 0, 20, 119
"d:\servidores\xampp\htdocs\SEA\resources\js\Components\DangerButton.vue", "Vue", 0, 0, 0, 0, 13, 0, 0, 0, 0, 0, 2, 15
"d:\servidores\xampp\htdocs\SEA\resources\js\Components\DialogModal.vue", "Vue", 0, 0, 0, 0, 41, 0, 0, 0, 0, 0, 7, 48
"d:\servidores\xampp\htdocs\SEA\resources\js\Components\Dropdown.vue", "Vue", 0, 0, 0, 0, 67, 0, 0, 0, 0, 1, 12, 80
"d:\servidores\xampp\htdocs\SEA\resources\js\Components\DropdownLink.vue", "Vue", 0, 0, 0, 0, 20, 0, 0, 0, 0, 0, 5, 25
"d:\servidores\xampp\htdocs\SEA\resources\js\Components\FormSection.vue", "Vue", 0, 0, 0, 0, 33, 0, 0, 0, 0, 0, 6, 39
"d:\servidores\xampp\htdocs\SEA\resources\js\Components\InputError.vue", "Vue", 0, 0, 0, 0, 12, 0, 0, 0, 0, 0, 2, 14
"d:\servidores\xampp\htdocs\SEA\resources\js\Components\InputLabel.vue", "Vue", 0, 0, 0, 0, 11, 0, 0, 0, 0, 0, 2, 13
"d:\servidores\xampp\htdocs\SEA\resources\js\Components\Modal.vue", "Vue", 0, 0, 0, 0, 87, 0, 0, 0, 0, 0, 11, 98
"d:\servidores\xampp\htdocs\SEA\resources\js\Components\NavLink.vue", "Vue", 0, 0, 0, 0, 18, 0, 0, 0, 0, 0, 4, 22
"d:\servidores\xampp\htdocs\SEA\resources\js\Components\PrimaryButton.vue", "Vue", 0, 0, 0, 0, 13, 0, 0, 0, 0, 0, 2, 15
"d:\servidores\xampp\htdocs\SEA\resources\js\Components\ResponsiveNavLink.vue", "Vue", 0, 0, 0, 0, 24, 0, 0, 0, 0, 0, 5, 29
"d:\servidores\xampp\htdocs\SEA\resources\js\Components\SecondaryButton.vue", "Vue", 0, 0, 0, 0, 13, 0, 0, 0, 0, 0, 2, 15
"d:\servidores\xampp\htdocs\SEA\resources\js\Components\SectionBorder.vue", "Vue", 0, 0, 0, 0, 7, 0, 0, 0, 0, 0, 1, 8
"d:\servidores\xampp\htdocs\SEA\resources\js\Components\SectionTitle.vue", "Vue", 0, 0, 0, 0, 15, 0, 0, 0, 0, 0, 3, 18
"d:\servidores\xampp\htdocs\SEA\resources\js\Components\TextInput.vue", "Vue", 0, 0, 0, 0, 22, 0, 0, 0, 0, 0, 7, 29
"d:\servidores\xampp\htdocs\SEA\resources\js\Components\Welcome.vue", "Vue", 0, 0, 0, 0, 89, 0, 0, 0, 0, 0, 16, 105
"d:\servidores\xampp\htdocs\SEA\resources\js\Layouts\AppLayout.vue", "Vue", 0, 0, 0, 0, 229, 0, 0, 0, 0, 19, 42, 290
"d:\servidores\xampp\htdocs\SEA\resources\js\Pages\API\Index.vue", "Vue", 0, 0, 0, 0, 27, 0, 0, 0, 0, 0, 4, 31
"d:\servidores\xampp\htdocs\SEA\resources\js\Pages\API\Partials\ApiTokenManager.vue", "Vue", 0, 0, 0, 0, 211, 0, 0, 0, 0, 8, 37, 256
"d:\servidores\xampp\htdocs\SEA\resources\js\Pages\Auth\ConfirmPassword.vue", "Vue", 0, 0, 0, 0, 54, 0, 0, 0, 0, 0, 10, 64
"d:\servidores\xampp\htdocs\SEA\resources\js\Pages\Auth\ForgotPassword.vue", "Vue", 0, 0, 0, 0, 52, 0, 0, 0, 0, 0, 10, 62
"d:\servidores\xampp\htdocs\SEA\resources\js\Pages\Auth\Login.vue", "Vue", 0, 0, 0, 0, 79, 0, 0, 0, 0, 0, 12, 91
"d:\servidores\xampp\htdocs\SEA\resources\js\Pages\Auth\Register.vue", "Vue", 0, 0, 0, 0, 100, 0, 0, 0, 0, 0, 13, 113
"d:\servidores\xampp\htdocs\SEA\resources\js\Pages\Auth\ResetPassword.vue", "Vue", 0, 0, 0, 0, 76, 0, 0, 0, 0, 0, 10, 86
"d:\servidores\xampp\htdocs\SEA\resources\js\Pages\Auth\TwoFactorChallenge.vue", "Vue", 0, 0, 0, 0, 88, 0, 0, 0, 0, 0, 17, 105
"d:\servidores\xampp\htdocs\SEA\resources\js\Pages\Auth\VerifyEmail.vue", "Vue", 0, 0, 0, 0, 51, 0, 0, 0, 0, 0, 12, 63
"d:\servidores\xampp\htdocs\SEA\resources\js\Pages\Dashboard.vue", "Vue", 0, 0, 0, 0, 20, 0, 0, 0, 0, 0, 3, 23
"d:\servidores\xampp\htdocs\SEA\resources\js\Pages\Habitante\Create.vue", "Vue", 0, 0, 0, 0, 369, 0, 0, 0, 0, 10, 13, 392
"d:\servidores\xampp\htdocs\SEA\resources\js\Pages\Habitante\Index.vue", "Vue", 0, 0, 0, 0, 37, 0, 0, 0, 0, 1, 3, 41
"d:\servidores\xampp\htdocs\SEA\resources\js\Pages\Habitante\List.vue", "Vue", 0, 0, 0, 0, 344, 0, 0, 0, 0, 17, 7, 368
"d:\servidores\xampp\htdocs\SEA\resources\js\Pages\PrivacyPolicy.vue", "Vue", 0, 0, 0, 0, 20, 0, 0, 0, 0, 0, 5, 25
"d:\servidores\xampp\htdocs\SEA\resources\js\Pages\Profile\Partials\DeleteUserForm.vue", "Vue", 0, 0, 0, 0, 84, 0, 0, 0, 0, 1, 18, 103
"d:\servidores\xampp\htdocs\SEA\resources\js\Pages\Profile\Partials\LogoutOtherBrowserSessionsForm.vue", "Vue", 0, 0, 0, 0, 115, 0, 0, 0, 0, 2, 25, 142
"d:\servidores\xampp\htdocs\SEA\resources\js\Pages\Profile\Partials\TwoFactorAuthenticationForm.vue", "Vue", 0, 0, 0, 0, 218, 0, 0, 0, 0, 0, 36, 254
"d:\servidores\xampp\htdocs\SEA\resources\js\Pages\Profile\Partials\UpdatePasswordForm.vue", "Vue", 0, 0, 0, 0, 89, 0, 0, 0, 0, 0, 12, 101
"d:\servidores\xampp\htdocs\SEA\resources\js\Pages\Profile\Partials\UpdateProfileInformationForm.vue", "Vue", 0, 0, 0, 0, 154, 0, 0, 0, 0, 6, 31, 191
"d:\servidores\xampp\htdocs\SEA\resources\js\Pages\Profile\Show.vue", "Vue", 0, 0, 0, 0, 46, 0, 0, 0, 0, 0, 12, 58
"d:\servidores\xampp\htdocs\SEA\resources\js\Pages\TermsOfService.vue", "Vue", 0, 0, 0, 0, 20, 0, 0, 0, 0, 0, 5, 25
"d:\servidores\xampp\htdocs\SEA\resources\js\Pages\TipoDocumento\Create.vue", "Vue", 0, 0, 0, 0, 124, 0, 0, 0, 0, 8, 11, 143
"d:\servidores\xampp\htdocs\SEA\resources\js\Pages\TipoDocumento\Edit.vue", "Vue", 0, 0, 0, 0, 129, 0, 0, 0, 0, 8, 12, 149
"d:\servidores\xampp\htdocs\SEA\resources\js\Pages\TipoDocumento\Index.vue", "Vue", 0, 0, 0, 0, 27, 0, 0, 0, 0, 1, 3, 31
"d:\servidores\xampp\htdocs\SEA\resources\js\Pages\TipoDocumento\List.vue", "Vue", 0, 0, 0, 0, 349, 0, 0, 0, 0, 10, 7, 366
"d:\servidores\xampp\htdocs\SEA\resources\js\Pages\Welcome.vue", "Vue", 0, 0, 0, 0, 154, 0, 0, 0, 0, 0, 23, 177
"d:\servidores\xampp\htdocs\SEA\resources\js\app.js", "JavaScript", 0, 20, 0, 0, 0, 0, 0, 0, 0, 0, 4, 24
"d:\servidores\xampp\htdocs\SEA\resources\js\bootstrap.js", "JavaScript", 0, 3, 0, 0, 0, 0, 0, 0, 0, 0, 2, 5
"d:\servidores\xampp\htdocs\SEA\resources\lang\es.json", "JSON", 0, 0, 0, 33, 0, 0, 0, 0, 0, 0, 1, 34
"d:\servidores\xampp\htdocs\SEA\resources\lang\es\auth.php", "PHP", 5, 0, 0, 0, 0, 0, 0, 0, 0, 10, 5, 20
"d:\servidores\xampp\htdocs\SEA\resources\lang\es\pagination.php", "PHP", 5, 0, 0, 0, 0, 0, 0, 0, 0, 10, 5, 20
"d:\servidores\xampp\htdocs\SEA\resources\lang\es\passwords.php", "PHP", 9, 0, 0, 0, 0, 0, 0, 0, 0, 10, 4, 23
"d:\servidores\xampp\htdocs\SEA\resources\lang\es\validation.php", "PHP", 113, 0, 0, 0, 0, 0, 0, 0, 0, 30, 9, 152
"d:\servidores\xampp\htdocs\SEA\resources\markdown\policy.md", "Markdown", 0, 0, 2, 0, 0, 0, 0, 0, 0, 0, 2, 4
"d:\servidores\xampp\htdocs\SEA\resources\markdown\terms.md", "Markdown", 0, 0, 2, 0, 0, 0, 0, 0, 0, 0, 2, 4
"d:\servidores\xampp\htdocs\SEA\resources\views\app.blade.php", "PHP", 33, 0, 0, 0, 0, 0, 0, 0, 0, 0, 5, 38
"d:\servidores\xampp\htdocs\SEA\routes\api.php", "PHP", 26, 0, 0, 0, 0, 0, 0, 0, 0, 6, 5, 37
"d:\servidores\xampp\htdocs\SEA\routes\console.php", "PHP", 6, 0, 0, 0, 0, 0, 0, 0, 0, 0, 3, 9
"d:\servidores\xampp\htdocs\SEA\routes\web.php", "PHP", 27, 0, 0, 0, 0, 0, 0, 0, 0, 2, 3, 32
"d:\servidores\xampp\htdocs\SEA\tailwind.config.js", "JavaScript", 0, 21, 0, 0, 0, 0, 0, 0, 0, 1, 4, 26
"d:\servidores\xampp\htdocs\SEA\tests\Feature\ApiTokenPermissionsTest.php", "PHP", 29, 0, 0, 0, 0, 0, 0, 0, 0, 0, 6, 35
"d:\servidores\xampp\htdocs\SEA\tests\Feature\BrowserSessionsTest.php", "PHP", 9, 0, 0, 0, 0, 0, 0, 0, 0, 0, 5, 14
"d:\servidores\xampp\htdocs\SEA\tests\Feature\CreateApiTokenTest.php", "PHP", 24, 0, 0, 0, 0, 0, 0, 0, 0, 0, 5, 29
"d:\servidores\xampp\htdocs\SEA\tests\Feature\DeleteAccountTest.php", "PHP", 21, 0, 0, 0, 0, 0, 0, 0, 0, 0, 8, 29
"d:\servidores\xampp\htdocs\SEA\tests\Feature\DeleteApiTokenTest.php", "PHP", 20, 0, 0, 0, 0, 0, 0, 0, 0, 0, 6, 26
"d:\servidores\xampp\htdocs\SEA\tests\Feature\ExampleTest.php", "PHP", 11, 0, 0, 0, 0, 0, 0, 0, 0, 4, 5, 20
"d:\servidores\xampp\htdocs\SEA\tests\Feature\ProfileInformationTest.php", "PHP", 12, 0, 0, 0, 0, 0, 0, 0, 0, 0, 5, 17
"d:\servidores\xampp\htdocs\SEA\tests\Feature\TwoFactorAuthenticationSettingsTest.php", "PHP", 34, 0, 0, 0, 0, 0, 0, 0, 0, 0, 18, 52
"d:\servidores\xampp\htdocs\SEA\tests\Feature\UpdatePasswordTest.php", "PHP", 32, 0, 0, 0, 0, 0, 0, 0, 0, 0, 13, 45
"d:\servidores\xampp\htdocs\SEA\tests\TestCase.php", "PHP", 6, 0, 0, 0, 0, 0, 0, 0, 0, 1, 4, 11
"d:\servidores\xampp\htdocs\SEA\tests\Unit\ExampleTest.php", "PHP", 10, 0, 0, 0, 0, 0, 0, 0, 0, 3, 4, 17
"d:\servidores\xampp\htdocs\SEA\vite.config.js", "JavaScript", 0, 19, 0, 0, 0, 0, 0, 0, 0, 0, 2, 21
"Total", "-", 4071, 7259, 49, 11763, 4052, 13969, 934, 9, 721, 6423, 9605, 58855